,trans_date_trans_time,cc_num,merchant,category,amt,first,last,gender,street,city,state,zip,lat,long,city_pop,job,dob,trans_num,unix_time,merch_lat,merch_long
0,2019-01-01 00:00:18,2703186189652095,"fraud_Rippin, Kub and Mann",misc_net,4.97,Jennifer,Banks,F,561 Perry Cove,Moravian Falls,NC,28654,36.0788,-81.1781,3495,"Psychologist, counselling",1988-03-09,0b242abb623afc578575680df30655b9,1325376018,36.011293,-82.048315
1,2019-01-01 00:00:44,630423337322,"fraud_Heller, Gutmann and Zieme",grocery_pos,107.23,Stephanie,Gill,F,43039 Riley Greens Suite 393,Orient,WA,99160,48.8878,-118.2105,149,Special educational needs teacher,1978-06-21,1f76529f8574734946361c461b024d99,1325376044,49.159047,-118.186462
2,2019-01-01 00:00:51,38859492057661,fraud_Lind-Buckridge,entertainment,220.11,Edward,Sanchez,M,594 White Dale Suite 530,Malad City,ID,83252,42.1808,-112.262,4154,Nature conservation officer,1962-01-19,a1a22d70485983eac12b5b88dad1cf95,1325376051,43.150704,-112.154481
3,2019-01-01 00:01:16,3534093764340240,"fraud_Kutch, Hermiston and Farrell",gas_transport,45.0,Jeremy,White,M,9443 Cynthia Court Apt. 038,Boulder,MT,59632,46.2306,-112.1138,1939,Patent attorney,1967-01-12,6b849c168bdad6f867558c3793159a81,1325376076,47.034331,-112.561071
4,2019-01-01 00:03:06,375534208663984,fraud_Keeling-Crist,misc_pos,41.96,Tyler,Garcia,M,408 Bradley Rest,Doe Hill,VA,24433,38.4207,-79.4629,99,Dance movement psychotherapist,1986-03-28,a41d7549acf90789359a9aa5346dcb46,1325376186,38.674999,-78.632459
5,2019-01-01 00:04:08,4767265376804500,"fraud_Stroman, Hudson and Erdman",gas_transport,94.63,Jennifer,Conner,F,4655 David Island,Dublin,PA,18917,40.375,-75.2045,2158,Transport planner,1961-06-19,189a841a0a8ba03058526bcfe566aab5,1325376248,40.653382,-76.15266700000001
6,2019-01-01 00:04:42,30074693890476,fraud_Rowe-Vandervort,grocery_net,44.54,Kelsey,Richards,F,889 Sarah Station Suite 624,Holcomb,KS,67851,37.9931,-100.9893,2691,Arboriculturist,1993-08-16,83ec1cc84142af6e2acf10c44949e720,1325376282,37.162705,-100.15337
7,2019-01-01 00:05:08,6011360759745864,fraud_Corwin-Collins,gas_transport,71.65,Steven,Williams,M,231 Flores Pass Suite 720,Edinburg,VA,22824,38.8432,-78.6003,6018,"Designer, multimedia",1947-08-21,6d294ed2cc447d2c71c7171a3d54967c,1325376308,38.948089,-78.540296
8,2019-01-01 00:05:18,4922710831011201,fraud_Herzog Ltd,misc_pos,4.27,Heather,Chase,F,6888 Hicks Stream Suite 954,Manor,PA,15665,40.3359,-79.6607,1472,Public affairs consultant,1941-03-07,fc28024ce480f8ef21a32d64c93a29f5,1325376318,40.351813,-79.958146
9,2019-01-01 00:06:01,2720830304681674,"fraud_Schoen, Kuphal and Nitzsche",grocery_pos,198.39,Melissa,Aguilar,F,21326 Taylor Squares Suite 708,Clarksville,TN,37040,36.522,-87.34899999999999,151785,Pathologist,1974-03-28,3b9014ea8fb80bd65de0b1463b00b00e,1325376361,37.179198,-87.485381
10,2019-01-01 00:06:23,4642894980163,fraud_Rutherford-Mertz,grocery_pos,24.74,Eddie,Mendez,M,1831 Faith View Suite 653,Clarinda,IA,51632,40.7491,-95.038,7297,IT trainer,1990-07-13,d71c95ab6b7356dd74389d41df429c87,1325376383,40.275891,-96.011548
11,2019-01-01 00:06:53,377234009633447,fraud_Kerluke-Abshire,shopping_net,7.77,Theresa,Blackwell,F,43576 Kristina Islands,Shenandoah Junction,WV,25442,39.3716,-77.8229,1925,Systems developer,1966-02-14,3c74776e558f1499a7824b556e474b1d,1325376413,40.103866,-78.624459
12,2019-01-01 00:06:56,180042946491150,fraud_Lockman Ltd,grocery_pos,71.22,Charles,Robles,M,3337 Lisa Divide,Saint Petersburg,FL,33710,27.7898,-82.7243,341043,"Engineer, land",1989-02-28,c1d9a7ddb1e34639fe82758de97f4abf,1325376416,27.630593,-82.308891
13,2019-01-01 00:07:27,5559857416065248,fraud_Kiehn Inc,grocery_pos,96.29,Jack,Hill,M,5916 Susan Bridge Apt. 939,Grenada,CA,96038,41.6125,-122.5258,589,Systems analyst,1945-12-21,413636e759663f264aae1819a4d4f231,1325376447,41.65752,-122.230347
14,2019-01-01 00:09:03,3514865930894695,fraud_Beier-Hyatt,shopping_pos,7.77,Christopher,Castaneda,M,1632 Cohen Drive Suite 639,High Rolls Mountain Park,NM,88325,32.9396,-105.8189,899,Naval architect,1967-08-30,8a6293af5ed278dea14448ded2685fea,1325376543,32.863258,-106.520205
15,2019-01-01 00:09:20,6011999606625827,fraud_Schmidt and Sons,shopping_net,3.26,Ronald,Carson,M,870 Rocha Drive,Harrington Park,NJ,7640,40.9918,-73.98,4664,"Radiographer, diagnostic",1965-06-30,baae0b096835c975857eea7e28dde3dc,1325376560,41.831174,-74.335559
16,2019-01-01 00:10:49,6011860238257910,fraud_Lebsack and Sons,misc_net,327.0,Lisa,Mendez,F,44259 Beth Station Suite 215,Lahoma,OK,73754,36.385,-98.0727,1078,"Programme researcher, broadcasting/film/video",1952-07-06,991c04803b4d4eeab30d6245a872e3d3,1325376649,36.384092,-99.048472
17,2019-01-01 00:10:58,3565423334076143,fraud_Mayert Group,shopping_pos,341.67,Nathan,Thomas,M,4923 Campbell Pines Suite 717,Carlisle,IN,47838,38.9763,-87.3667,4081,Energy engineer,1938-03-15,f12cf52be2175703db789a4644c32f25,1325376658,38.674491,-88.305767
18,2019-01-01 00:11:14,2348245054386329,"fraud_Konopelski, Schneider and Hartmann",food_dining,63.07,Justin,Gay,M,268 Hayes Rue Suite 811,Harborcreek,PA,16421,42.1767,-79.9416,2518,Event organiser,1946-02-02,8500f3d459047eac8443307b1e8296e5,1325376674,41.430274,-79.492553
19,2019-01-01 00:12:34,4956828990005111019,"fraud_Schultz, Simonis and Little",grocery_pos,44.71,Kenneth,Robinson,M,269 Sanchez Rapids,Elizabeth,NJ,7208,40.6747,-74.2239,124967,Operational researcher,1980-12-21,09eff9c806365e2a6be12c1bbab3d70e,1325376754,40.079588,-74.84808699999999
